material_id,pretty_formula
mp-10000,Hf2S
mp-10014,TaS2
mp-1002210,EuS
mp-10033,NbS2
mp-1004526,WS
mp-1008676,TiS2
mp-1008860,NbS2
mp-1008998,LaS
mp-10109,NpS
mp-1013525,VS2
mp-1013526,VS2
mp-1018028,TiS
mp-1018663,CeS2
mp-1018675,DyS2
mp-1018751,LaS2
mp-1018804,MnS2
mp-1018809,MoS2
mp-1023937,WS2
mp-1023939,MoS2
mp-1024087,Zr63S128
mp-1025571,WS2
mp-1027525,MoS2
mp-10281,ZnS
mp-1028441,WS2
mp-1050,Ni3S4
mp-10534,Sm10S19
mp-10628,TaS
mp-1068,CuS2
mp-1068462,LaS
mp-10695,ZnS
mp-1072086,TaS2
mp-1072088,TiS2
mp-1072192,TiS2
mp-10764,HgS
mp-1077072,GdS2
mp-1077263,TiS2
mp-1094038,TaS3
mp-1094089,NiS2
mp-1095335,MnS2
mp-1095440,CdS2
mp-1095479,GdS2
mp-1095641,Tb5S7
mp-1095694,Ag2S
mp-1096,CeS
mp-1096929,Zr64S127
mp-1096941,CuS
mp-1100827,Zr40S27
mp-1100925,V7S8
mp-1101023,TiS
mp-1101099,Ti2S3
mp-1101258,TiS2
mp-1101969,TiS2
mp-1102261,IrS2
mp-1102743,ZnS2
mp-1102845,TiS2
mp-1103125,Dy5S7
mp-1103643,NiS2
mp-1103658,LaS2
mp-1104577,Mo3S4
mp-1106110,Eu2S3
mp-1106367,HgS4
mp-1123,HgS
mp-1133,V5S4
mp-1146,ThS2
mp-1173629,Nb11S12
mp-1179413,TaS2
mp-1181862,CdS
mp-1183254,Ag3S
mp-1183733,Co3S
mp-1183858,CeS3
mp-1184315,EuS3
mp-1184373,Fe3S
mp-1184541,Eu3S
mp-1186,ZrS2
mp-1186431,Pd3S
mp-1186463,PdS3
mp-1186638,PmS3
mp-1187302,Tb3S
mp-1187407,TeS3
mp-1188005,Zr3S
mp-1188645,Y2S3
mp-1188655,Ir2S3
mp-1190042,U3S5
mp-1190583,NbS3
mp-1194185,U2S5
mp-1196782,ZnS
mp-1197374,Zr2S
mp-1198139,ZnS
mp-1199343,ZnS
mp-1200836,ZnS
mp-1201158,ZnS
mp-1201781,ZnS
mp-1202182,ZnS
mp-1202959,ZnS
mp-1203761,ZnS
mp-1205297,Tb2S3
mp-1205321,PtS
mp-1207843,V7S8
mp-1208223,Ti5S8
mp-12087,Cu2S
mp-1209790,Pu3S2
mp-1209834,Np2S5
mp-1210578,NbS6
mp-1210708,Mo21S8
mp-1214,VS
mp-1214753,AuS2
mp-1215375,Zr5S8
mp-1215419,Zr3S2
mp-1215543,Zr3S4
mp-1216463,V7S8
mp-1216498,V3S5
mp-1216778,TiS2
mp-1217073,Ti3S2
mp-1217101,Ti3S4
mp-1217163,Ti5S8
mp-1217166,Ti5S8
mp-1217172,Ti5S8
mp-1217192,Ti2S3
mp-1217388,Th7S12
mp-1217445,Ti5S8
mp-1217564,U11S20
mp-1217915,TaS2
mp-1219328,SeS7
mp-1219856,Pr5S8
mp-1220037,Pr5S9
mp-1220109,Ni3S2
mp-1220205,Nd5S4
mp-1220218,Nd5S8
mp-1220359,Nd5S9
mp-1220475,Nb7S8
mp-1220631,Nb3S4
mp-1220654,Nb5S8
mp-1220657,Nb3S5
mp-1223103,La5S8
mp-1223399,La5S7
mp-1225835,Cu2S
mp-1225858,Fe11S12
mp-1225993,Cu2S
mp-1226916,Ce5S8
mp-1232117,EuS2
mp-1232155,EuS2
mp-1232239,PmS
mp-1232269,SmS2
mp-1232271,PmS2
mp-1232273,SmS2
mp-1232280,SmS2
mp-1238797,MoS2
mp-1239203,MoS3
mp-12406,US3
mp-1244890,ZnS
mp-1244921,ZnS
mp-1244922,ZnS
mp-1244936,ZnS
mp-1244974,ZnS
mp-1244979,ZnS
mp-1244980,ZnS
mp-1244986,ZnS
mp-1244989,ZnS
mp-1245004,ZnS
mp-1245034,ZnS
mp-1245035,ZnS
mp-1245050,ZnS
mp-1245054,ZnS
mp-1245062,ZnS
mp-1245068,ZnS
mp-1245082,ZnS
mp-1245117,ZnS
mp-1245121,ZnS
mp-1245122,ZnS
mp-1245136,ZnS
mp-1245169,ZnS
mp-1245194,ZnS
mp-1245197,ZnS
mp-1245201,ZnS
mp-1245213,ZnS
mp-1245216,ZnS
mp-1245222,ZnS
mp-1245236,ZnS
mp-1245280,ZnS
mp-1245300,ZnS
mp-1245310,ZnS
mp-1245317,ZnS
mp-12627,Nb3S4
mp-1269,SmS
mp-1270,Dy2S3
mp-1274,CoS
mp-1311,Cr5S6
mp-13456,ZnS
mp-13568,NdS2
mp-13682,PdS2
mp-13685,Cr2S3
mp-1382,Ce3S4
mp-1403,Sm2S3
mp-1411,TaS2
mp-1434,MoS2
mp-1449,Pr3S4
mp-1476,ScS
mp-1508,LaS2
mp-1513,Co9S8
mp-15179,Pr2S3
mp-1522,FeS2
mp-1534,YS
mp-16226,TaS2
mp-16228,YS2
mp-1627,Mo2S3
mp-16328,DyS2
mp-1666,Th2S5
mp-1690,TaS2
mp-17173,Rh2S3
mp-17329,PrS2
mp-1783,MnS
mp-1802,NbS2
mp-1826,Ta3S2
mp-18377,ZnS
mp-1868,VS
mp-1874,NbS2
mp-1879,SmS
mp-1925,ZrS
mp-1984,TaS2
mp-20036,Gd3S4
mp-2030,RuS2
mp-20560,CeS
mp-20587,EuS
mp-20594,CeS2
mp-2070,CoS2
mp-2086,PuS
mp-20905,OsS2
mp-20973,Ce2S3
mp-2099,FeS
mp-21063,U4S3
mp-21410,FeS
mp-21515,Fe3S4
mp-2156,TiS2
mp-2164,Mo3S4
mp-22126,U2S3
mp-2243,NbS
mp-22555,RhS2
mp-22562,YS
mp-226,FeS2
mp-22652,FeS
mp-2282,NiS2
mp-2350,LaS
mp-2423,US
mp-2469,CdS
mp-2470,DyS
mp-2495,PrS
mp-2537,NdS2
mp-2648,NbS2
mp-27191,Zr9S2
mp-27467,Ta6S
mp-2779,FeS
mp-2815,MoS2
mp-2833,IrS2
mp-2849,US2
mp-29841,Rh3S4
mp-30527,TaS3
mp-31053,Ag2S
mp-31381,Nb21S8
mp-32586,Nd2S3
mp-32629,Ce2S3
mp-32640,La5S8
mp-32645,Sm2S3
mp-32669,Ag2S
mp-32692,Pr2S3
mp-32791,Ag2S
mp-32800,Ac2S3
mp-32826,Dy2S3
mp-32868,Ag2S
mp-32884,Ag2S
mp-32891,Y2S3
mp-32906,La2S3
mp-32983,Nb3S5
mp-33239,Pu2S3
mp-362,Ni3S2
mp-36216,Ag2S
mp-370,CdS
mp-393,Pd16S7
mp-401,Sc2S3
mp-438,Nd2S3
mp-504,CuS
mp-510402,GdS
mp-523,CrS
mp-530018,Ta27S50
mp-530036,Tb11S16
mp-531574,Dy11S16
mp-541155,VS4
mp-541289,Y2S3
mp-542333,Cu9S5
mp-542794,Fe7S8
mp-553880,ZnS
mp-553916,ZnS
mp-553942,Cu2S
mp-554074,NbS2
mp-554115,ZnS
mp-554253,ZnS
mp-554462,TiS
mp-554503,ZnS
mp-554630,ZnS
mp-554681,ZnS
mp-554713,ZnS
mp-554820,ZnS
mp-554829,ZnS
mp-554961,ZnS
mp-554986,ZnS
mp-555037,TaS2
mp-555079,ZnS
mp-555151,ZnS
mp-555214,ZnS
mp-555280,ZnS
mp-555283,V3S
mp-555311,ZnS
mp-555410,ZnS
mp-555569,Cr2S3
mp-555583,ZnS
mp-555594,ZnS
mp-555628,ZnS
mp-555664,ZnS
mp-555666,ZnS
mp-555763,ZnS
mp-555773,ZnS
mp-555779,ZnS
mp-555858,ZnS
mp-555935,Ta2S
mp-556000,ZnS
mp-556005,ZnS
mp-556095,Dy3S4
mp-556152,ZnS
mp-556155,ZnS
mp-556161,ZnS
mp-556207,ZnS
mp-556225,Ag2S
mp-556280,ZnS
mp-556363,ZnS
mp-556392,ZnS
mp-556435,Fe7S8
mp-556448,ZnS
mp-556468,ZnS
mp-556485,ZnS
mp-556732,ZnS
mp-556775,ZnS
mp-556784,ZnS
mp-556853,MnS
mp-556950,ZnS
mp-556989,ZnS
mp-557009,ZnS
mp-557026,ZnS
mp-557058,ZnS
mp-557151,ZnS
mp-557175,ZnS
mp-557308,ZnS
mp-557346,ZnS
mp-557523,VS2
mp-557762,TiS
mp-558110,TiS2
mp-558139,CuS
mp-558378,Pd3S
mp-558544,MoS2
mp-558552,Ta6S
mp-559374,TiS3
mp-560025,Ag2S
mp-560588,ZnS
mp-560725,ZnS
mp-560786,Nd10S19
mp-561118,ZnS
mp-561196,ZnS
mp-561258,ZnS
mp-561375,Pr10S19
mp-562100,NbS3
mp-567,La3S4
mp-572758,ReS2
mp-581212,Cu2S
mp-581258,ZnS
mp-581405,ZnS
mp-581412,ZnS
mp-581425,ZnS
mp-581476,ZnS
mp-581602,ZnS
mp-582680,ZnS
mp-594,NiS
mp-608468,ZnS
mp-610517,Ag2S
mp-611224,VS2
mp-615366,FeS2
mp-616559,Ti2S
mp-618991,Cu2S
mp-624299,Cu7S4
mp-632475,NbS2
mp-634,HgS
mp-639,US2
mp-639690,PuS2
mp-645688,Ce10S19
mp-646008,Gd10S19
mp-647,NbS
mp-647075,ZnS
mp-655446,VS2
mp-669509,Gd2S3
mp-672,CdS
mp-673645,Mo7S8
mp-673649,Zr23S32
mp-673657,Ti7S12
mp-673800,U11S20
mp-674831,Cu2S
mp-680085,ZnS
mp-680850,Ti8S3
mp-683941,Nb14S5
mp-684604,CuS2
mp-684641,Fe2S
mp-684674,Cr5S8
mp-684707,Fe7S12
mp-684710,Cu9S5
mp-684711,Zr3S4
mp-684712,Gd2S3
mp-684731,Ti13S24
mp-684749,Zr3S4
mp-684860,Sm39S56
mp-684898,Cu18S11
mp-684969,Sc2S3
mp-684971,Nb11S12
mp-684978,Sc29S42
mp-685013,TiS2
mp-685056,Cu9S16
mp-685066,US2
mp-685108,Cu9S5
mp-685128,Fe7S8
mp-690772,V5S8
mp-7096,Fe3S4
mp-7135,TbS2
mp-7475,La2S3
mp-755263,CrS2
mp-755523,TaS2
mp-760381,CuS
mp-762,PtS2
mp-767469,Ni9S10
mp-7698,NdS2
mp-774873,NbS2
mp-7819,Pd4S
mp-7859,ZrS
mp-7945,V3S
mp-799,V3S4
mp-849053,NiS2
mp-849057,FeS
mp-849059,NiS2
mp-849060,VS2
mp-849071,Cr3S4
mp-849078,Ni2S
mp-849079,NiS2
mp-849080,VS2
mp-849081,Cr2S3
mp-849083,Cr2S3
mp-849086,CuS2
mp-849092,NiS2
mp-850009,FeS2
mp-850016,Fe3S4
mp-850032,Fe3S4
mp-850068,NiS2
mp-850086,Ni3S2
mp-850099,CuS2
mp-850131,NiS2
mp-850249,Fe4S5
mp-851357,Fe2S
mp-862373,ScS2
mp-862796,Pu2S3
mp-862857,PaS3
mp-862869,Pa2S3
mp-8850,Dy2S3
mp-9027,TiS2
mp-9252,HgS
mp-9323,Tb2S3
mp-943,Co3S4
mp-947,Au2S
mp-9481,TcS2
mp-952567,Fe2S3
mp-9561,VS2
mp-964,Cr3S4
mp-966,NbS2
mp-974355,Mn2S3
mp-974381,Rh2S3
mp-975439,Mn3S
mp-976920,Ni9S8
mp-977351,Ac2S3
mp-978993,Th3S
mp-9813,WS2
mp-982385,Np3S5
mp-984597,Au3S
mp-984598,AuS
mp-985829,HfS2
mp-9920,TiS3
mp-9921,ZrS3
mp-9922,HfS3
mp-9946,ZnS
mp-995122,NbS2
mvc-11047,MnS2
mvc-11070,FeS2
mvc-11234,FeS2
mvc-11309,Cr2S5
mvc-11780,MoS2
mvc-13442,Cu2S
mvc-13558,FeS2
mvc-14769,CrS2
mvc-15,CrS2
mp-1006886,CeS
mp-1008650,CeSe
mp-1008682,TiS2
mp-1008928,EuSe
mp-1008999,LaSe
mp-1011374,CeSe2
mp-1011375,CeSe2
mp-1011377,CeSe2
mp-1018075,FeSe
mp-1018706,GdS2
mp-1018722,HgSe
mp-10188,Fe3S4
mp-1018817,NdSe2
mp-1018940,PrSe2
mp-1019253,SmSe2
mp-1019276,TaSe2
mp-1021484,CeSe2
mp-1021499,Cu2Se
mp-1021511,CdS
mp-10228,NbSe2
mp-1023128,CuS
mp-1023924,MoS2
mp-1023925,WS2
mp-1023933,WSe2
mp-1023936,WSe2
mp-1023940,MoSe2
mp-1025572,WSe2
mp-1025799,MoSe2
mp-1025874,MoS2
mp-1027692,MoSe2
mp-1055,CdSe
mp-1061769,CrSe2
mp-1062030,TiS2
mp-10629,TbS2
mp-10643,SmSe
mp-10645,TbSe
mp-10646,ThSe
mp-1065583,LaSe
mp-1066497,FeSe
mp-10678,AuSe
mp-1070,CdSe
mp-1071078,NiSe2
mp-1072113,NbSe2
mp-1072244,EuS
mp-1072712,NbS2
mp-1077021,TiS2
mp-1077525,U2S
mp-1077978,Ti3Se4
mp-1078538,FeSe
mp-1078815,NbSe4
mp-1078945,FeSe
mp-1079673,ThSe3
mp-1079888,TiSe
mp-1080250,CeSe2
mp-1080255,CeSe2
mp-1080257,CeSe2
mp-1080261,CeSe2
mp-1080262,CeSe2
mp-1080263,CeSe2
mp-1080264,CeSe2
mp-1080266,CeSe2
mp-1080267,CeSe2
mp-1080273,CeSe2
mp-1080274,CeSe2
mp-1080278,CeSe2
mp-1080280,CeSe2
mp-1080281,CeSe2
mp-1080288,CeSe2
mp-1080291,CeSe2
mp-1080294,CeSe2
mp-1080295,CeSe2
mp-1080296,CeSe2
mp-1080299,CeSe2
mp-1080300,CeSe2
mp-1080302,CeSe2
mp-1080303,CeSe2
mp-1080304,CeSe2
mp-1080305,CeSe2
mp-1080306,CeSe2
mp-1080307,CeSe2
mp-1080312,CeSe2
mp-1080316,CeSe2
mp-1080317,CeSe2
mp-1080319,CeSe2
mp-1080320,CeSe2
mp-1080321,CeSe2
mp-1080323,CeSe2
mp-1080325,CeSe2
mp-1080328,CeSe2
mp-1080329,CeSe2
mp-1080330,CeSe2
mp-1080334,CeSe2
mp-1080335,CeSe2
mp-1080337,CeSe2
mp-1080338,CeSe2
mp-1080340,CeSe2
mp-1080341,CeSe2
mp-1080344,CeSe2
mp-1080347,CeSe2
mp-1080350,CeSe2
mp-1080351,CeSe2
mp-1080353,CeSe2
mp-1080354,CeSe2
mp-1080357,CeSe2
mp-1080358,CeSe2
mp-1080359,CeSe2
mp-1080360,CeSe2
mp-1080364,CeSe2
mp-1080365,CeSe2
mp-1080366,CeSe2
mp-1080369,CeSe2
mp-1080370,CeSe2
mp-1080371,CeSe2
mp-1080372,CeSe2
mp-1080374,CeSe2
mp-1080375,CeSe2
mp-1080628,CeSe2
mp-1080630,CeSe2
mp-1080631,CeSe2
mp-1080633,CeSe2
mp-1080634,CeSe2
mp-1080635,CeSe2
mp-1080637,CeSe2
mp-1080638,CeSe2
mp-1080639,CeSe2
mp-1080640,CeSe2
mp-1080641,CeSe2
mp-1080852,CeSe2
mp-1080853,CeSe2
mp-1080854,CeSe2
mp-1080856,CeSe2
mp-1080858,CeSe2
mp-1080860,CeSe2
mp-1080864,CeSe2
mp-1080865,CeSe2
mp-1080866,CeSe2
mp-1081,V3S4
mp-1084851,CeSe2
mp-1087497,V5Se4
mp-1087550,CeSe2
mp-1087552,CeSe2
mp-1087553,CeSe2
mp-1087555,CeSe2
mp-1090,FeSe
mp-1094152,CeSe2
mp-1094153,CeSe2
mp-1095184,NpSe3
mp-1095493,CdSe2
mp-1096430,CeSe2
mp-1096432,CeSe2
mp-1096791,CeSe2
mp-1097707,Cu2Se
mp-1098702,CeSe2
mp-1098703,CeSe2
mp-1098705,CeSe2
mp-1098707,CeSe2
mp-1099574,CeSe2
mp-1099575,CeSe2
mp-1101086,AgSe5
mp-1101826,Ir3S8
mp-1102379,ReSe2
mp-1102515,ZnSe2
mp-1103177,FeSe2
mp-1103226,TbS2
mp-1103625,Np2Se5
mp-1103738,Eu3S4
mp-1103820,Zr3S4
mp-1104327,Cr5Se8
mp-1105666,Rh2Se3
mp-1105821,Y2Se3
mp-1120759,PdSe2
mp-1120781,Ni3Se4
mp-11324,TaSe2
mp-1147712,CuS2
mp-1147746,CoS
mp-1161,LaSe
mp-1173070,Cu9Se5
mp-11765,Ti5Se4
mp-1178763,VS2
mp-1180046,NiS2
mp-1181961,Cr5S8
mp-1183234,AcSe3
mp-1183249,Ag3Se
mp-1183665,Cd3Se
mp-1183684,Co3Se
mp-1183728,Co2S3
mp-1184547,Hf3Se
mp-1184783,Ir3Se
mp-1186219,Nb3Se
mp-1186234,NbSe2
mp-1186370,Ni3Se
mp-1186803,PuS3
mp-1187074,Th3S
mp-1187404,Te3Se
mp-1188055,Zr3Se
mp-1188175,Gd2Se3
mp-1189525,U3Se5
mp-1189540,Eu2Se3
mp-1190,ZnSe
mp-1190410,PrSe2
mp-1191680,TaSe3
mp-1192175,RhSe2
mp-1193856,Zr21S8
mp-1197019,Np3Se5
mp-1198191,Ti45Se16
mp-1200568,ZnS
mp-1202023,ZnS
mp-1206272,TaSe6
mp-1206743,HfS
mp-1207893,V5Se8
mp-1208273,Ti2Se3
mp-1208313,TbSe3
mp-1209671,Pu3Se4
mp-1209822,Nd4S7
mp-1210280,NbSe4
mp-1211453,MoS6
mp-12117,PrS2
mp-1215280,ZrSe
mp-1215400,Zr3Se4
mp-1215426,Zr3Se2
mp-1215598,Zr2Se3
mp-1217121,Ti3S4
mp-1217269,TeSe2
mp-1217322,TeSe
mp-1217494,U11Se20
mp-1218017,Ta5S8
mp-1218055,Ta7S12
mp-1219395,Sc2Se3
mp-1220681,Nb2Se3
mp-1223154,La4S7
mp-1226358,Cr7Se10
mp-1226578,Cr19S30
mp-1226930,Cr19S30
mp-1229090,Ag2S
mp-1232181,Pm2Se3
mp-1232184,Pm2Se3
mp-1232213,YSe2
mp-1232214,YSe2
mp-1232221,PmSe2
mp-1232230,EuSe2
mp-1232234,PmSe
mp-1232235,PmS
mp-1232236,PmSe
mp-1232276,PmS2
mp-1232344,ReS2
mp-1237669,CeSe2
mp-1239169,MoS3
mp-1244969,ZnS
mp-1245070,ZnS
mp-1245199,ZnS
mp-1245220,ZnS
mp-1245238,ZnS
mp-1245246,ZnS
mp-1245248,ZnS
mp-1245296,ZnS
mp-1245316,ZnS
mp-1245319,ZnS
mp-1247785,CeSe2
mp-1247874,Ag2Se
mp-1320,CeSe2
mp-1344,Sm3Se4
mp-13567,CeS2
mp-1407,Rh3Se8
mp-1455,MnS2
mp-14613,Pr10Se19
mp-14650,Nd10Se19
mp-15257,Tb2Se3
mp-1547,NiS
mp-15622,HfSe3
mp-15670,Y5S7
mp-15837,Nb5Se4
mp-1610,TbS
mp-1634,MoSe2
mp-16366,Cu2Se
mp-1674,PrSe
mp-1748,NdS
mp-1922,RuSe2
mp-2000,CuSe2
mp-20077,USe2
mp-20163,Th2S3
mp-20215,LaS
mp-20250,PdS
mp-2038,Sm3S4
mp-20456,Co3Se4
mp-2056,Ni3Se2
mp-2065,MnS
mp-20683,Cu3Se2
mp-21021,Mo3Se4
mp-21165,PdSe
mp-21321,MnSe2
mp-2143,USe
mp-21688,Fe7S8
mp-21765,Pd17Se15
mp-2183,ThSe
mp-2194,TiSe2
mp-21991,Rh17S15
mp-224,WS2
mp-22536,U3S5
mp-22642,Zr2Se
mp-22700,V3Se4
mp-22745,Co9Se8
mp-2280,CuSe2
mp-2288,PuSe
mp-2293,MnSe
mp-2392,Th2Se5
mp-2480,OsSe2
mp-2559,SeS
mp-2562,MnS
mp-2563,CeSe
mp-2637,YSe
mp-2656,Nd3S4
mp-2691,CdSe
mp-2780,Fe3Se4
mp-2793,AuSe
mp-28105,Ni17S18
mp-28256,V2Se9
mp-2832,Cr2Se3
mp-288,PtS
mp-28910,CrS2
mp-28963,Ag8S
mp-29131,VSe
mp-29767,Pt5Se4
mp-29832,Sm10Se19
mp-299,Mo9Se11
mp-31257,Mo15S19
mp-32594,Sm2Se3
mp-32630,Ti19Se20
mp-32633,Dy6Se11
mp-32672,Pu2Se3
mp-32689,Pr2Se3
mp-32727,Y3Se4
mp-32758,Ag2Se
mp-32798,La2Se3
mp-32857,Cu13Se8
mp-32861,Rh3Se8
mp-380,ZnSe
mp-38511,Ag2S
mp-488,CuSe
mp-491,La3Se4
mp-500,TaSe2
mp-503,ThS
mp-504783,Np2S3
mp-505531,FeS
mp-510285,Ti11Se4
mp-510404,GdSe
mp-540702,Fe7Se8
mp-542495,TaSe2
mp-543011,ZnS
mp-545,TiS
mp-554004,ZnS
mp-554405,ZnS
mp-554608,ZnS
mp-554889,ZnS
mp-554999,ZnS
mp-555096,PrS2
mp-555293,NbS2
mp-555381,ZnS
mp-555543,ZnS
mp-555599,CuS
mp-555782,ZnS
mp-556105,ZnS
mp-556395,ZnS
mp-556543,ZnS
mp-556576,ZnS
mp-556716,ZnS
mp-556815,ZnS
mp-557054,ZnS
mp-557062,ZnS
mp-557418,ZnS
mp-557579,LaS
mp-558229,La10S19
mp-560908,V3S4
mp-561,Nb3Se4
mp-561286,ZnS
mp-567370,Ce3Se4
mp-567724,TaSe2
mp-568098,Nd3Se4
mp-568347,NbSe2
mp-568488,Mo15Se19
mp-568789,TiSe
mp-568808,Tb3Se4
mp-568889,Ag2Se
mp-568936,Ag2Se
mp-568971,Ag2Se
mp-569240,Fe3Se4
mp-569668,VSe
mp-569679,ZnSe
mp-570170,Mo15Se19
mp-570181,Np3Se4
mp-570205,PrSe2
mp-570325,AuSe
mp-570707,NdSe2
mp-571270,NbSe2
mp-571400,Dy3Se4
mp-573,Ni3Se4
mp-580226,CuSe
mp-581601,ZnS
mp-582060,CuSe
mp-604908,CoSe
mp-608146,Gd2S3
mp-616476,FeS
mp-620032,Ti2Se
mp-627,NpSe
mp-637232,TaSe2
mp-638048,Mo9Se11
mp-642890,LaSe
mp-643063,NbSe2
mp-662,NiSe
mp-669684,U3Se5
mp-672271,NbSe2
mp-672292,Gd3Se4
mp-672690,U2S3
mp-673255,Cu9Se8
mp-673636,Sm3S4
mp-673637,Ti9S10
mp-673644,Tb2S3
mp-673655,Cu9Se5
mp-673656,Y2Se3
mp-673692,Nd10Se19
mp-675278,Cu11S16
mp-679962,Ti8Se3
mp-680087,ZnS
mp-680184,TaSe2
mp-680576,Ti2Se
mp-684525,Cu2Se
mp-684606,Cu27Se20
mp-684619,Pr27Se40
mp-684620,Nb25S48
mp-684690,Sc2Se3
mp-684726,La39Se56
mp-684732,Co2S3
mp-684800,Rh9Se20
mp-684829,Co27Se32
mp-684922,Np2Se3
mp-684923,Cu25Se26
mp-684959,Sm5Se9
mp-684963,Fe3Se4
mp-684964,Cu11S20
mp-684970,Cu19Se11
mp-685107,Cu9Se5
mp-685126,Cu39S20
mp-685129,Co17Se20
mp-685220,U11Se20
mp-7132,DySe
mp-7368,Dy2Se3
mp-743270,Mo15Se19
mp-754954,Ag2Se
mp-7597,NbSe2
mp-760,FeSe2
mp-7926,TaSe2
mp-814,DySe
mp-820,HgSe
mp-849065,VS
mp-849075,NiS2
mp-849084,Cr5S8
mp-849098,VS2
mp-850049,CoS2
mp-850083,Fe4S5
mp-850411,Fe7S8
mp-861979,Ir2S3
mp-862867,PaSe3
mp-867180,Pm2S3
mp-867800,AcSe3
mp-8866,La10Se19
mp-8954,TaSe2
mp-9227,Ti3Se4
mp-952967,Fe7Se3
mp-957,HgSe
mp-972,MnSe
mp-973676,HgS
mp-975653,PrS3
mp-976249,NdS3
mp-976809,Ni3S
mp-976881,Ni3S
mp-983,RhSe2
mp-984712,Cr3Se
mp-985831,HfSe2
mp-9888,Ir3Se8
mp-990083,MoS2
mp-9983,Ta2Se3
mp-999540,MnSe
mvc-1,NiS2
mvc-11233,CoS2
mvc-11241,VS2
mvc-11244,CoS2
mvc-11411,FeS2
mvc-11598,NiS2
mvc-11754,V2S5
mvc-12727,VS2
mvc-13180,CrSe2
mvc-13555,CrS2
mvc-13742,VS2
mvc-14047,MnS2
mvc-34,MnS2
mvc-7052,MoS2
mvc-7053,WS2
mvc-7054,TiS2
mvc-7055,CrS2
mvc-7056,NiS2
mvc-7057,CoS2
mp-10026,ScTe
mp-10027,TiSe
mp-1008471,CdTe
mp-1008626,VTe2
mp-1008752,CeTe
mp-1008926,CrTe
mp-1009008,LaTe
mp-1009079,CrTe
mp-1009222,MnTe
mp-1009581,CrSe2
mp-1009641,CoTe2
mp-1011376,CeSe2
mp-1018107,ZrTe2
mp-1018150,NbTe2
mp-1018665,CeSe2
mp-1018679,DyTe2
mp-1018683,DySe2
mp-10187,TeIr
mp-1018707,GdSe2
mp-1018807,MoSe2
mp-1018829,NpTe2
mp-1018954,PuSe2
mp-1019091,LaSe2
mp-1019107,PuTe2
mp-1019266,SmTe2
mp-1019324,TbTe2
mp-10204,MnSe
mp-1022717,CeSe2
mp-1023926,Te2W
mp-1023934,MoSe2
mp-1023935,Te2Mo
mp-1023938,Te2Mo
mp-1023942,Te2W
mp-1025077,TbSe2
mp-1025159,Te4Rh3
mp-1025418,LaTe3
mp-1025459,HfTe3
mp-1025472,NpTe3
mp-1025482,DyTe3
mp-1025522,ThTe3
mp-1025573,Te2W
mp-1025576,Te2Mo
mp-10256,VTe
mp-10264,NiTe
mp-1028,V3Te4
mp-1028698,WSe2
mp-1030319,Te2Mo
mp-1040452,CeSe2
mp-1066480,CdTe
mp-1071269,HgTe
mp-1071319,ZnTe
mp-10761,FeTe
mp-1076964,GdTe2
mp-1077365,YTe2
mp-1077948,Te4Pt3
mp-1078012,Cr3Te4
mp-1078612,LaTe3
mp-1078669,NpTe3
mp-1079443,MnTe
mp-1079818,CrTe
mp-1079832,ScTe
mp-1080073,MnTe
mp-1080248,CeSe2
mp-1080249,CeSe2
mp-1080251,CeSe2
mp-1080252,CeSe2
mp-1080256,CeSe2
mp-1080259,CeSe2
mp-1080260,CeSe2
mp-1080265,CeSe2
mp-1080268,CeSe2
mp-1080269,CeSe2
mp-1080270,CeSe2
mp-1080272,CeSe2
mp-1080275,CeSe2
mp-1080277,CeSe2
mp-1080279,CeSe2
mp-1080292,CeSe2
mp-1080293,CeSe2
mp-1080297,CeSe2
mp-1080298,CeSe2
mp-1080301,CeSe2
mp-1080308,CeSe2
mp-1080309,CeSe2
mp-1080310,CeSe2
mp-1080311,CeSe2
mp-1080313,CeSe2
mp-1080314,CeSe2
mp-1080324,CeSe2
mp-1080326,CeSe2
mp-1080327,CeSe2
mp-1080332,CeSe2
mp-1080345,CeSe2
mp-1080348,CeSe2
mp-1080352,CeSe2
mp-1080355,CeSe2
mp-1080356,CeSe2
mp-1080361,CeSe2
mp-1080362,CeSe2
mp-1080363,CeSe2
mp-1080367,CeSe2
mp-1080373,CeSe2
mp-1080629,CeSe2
mp-1080632,CeSe2
mp-1080636,CeSe2
mp-1080642,CeSe2
mp-1080793,PuTe3
mp-1080851,CeSe2
mp-1080855,CeSe2
mp-1080857,CeSe2
mp-1080859,CeSe2
mp-1080863,CeSe2
mp-1080867,CeSe2
mp-10844,Te2Ir
mp-10845,Te2Ir
mp-1084847,TbTe3
mp-1086673,DyTe3
mp-1087241,CeSe2
mp-1087242,CeSe2
mp-1087554,CeSe2
mp-1094151,CeSe2
mp-1096431,CeSe2
mp-1098704,CeSe2
mp-1098706,CeSe2
mp-1098708,CeSe2
mp-1100189,CeSe2
mp-1100266,CeSe2
mp-1101145,Te16Rh15
mp-1102324,NiTe2
mp-1102559,NbSe2
mp-1103188,Zr3Te
mp-1103235,CuTe2
mp-1103359,CoTe2
mp-1103512,Te2Ir
mp-1103932,Dy2Te5
mp-1104212,La2Te5
mp-1104233,Ce2Te5
mp-1104504,Nb3Te4
mp-1104531,Sm2Te5
mp-1105684,Tb2Te3
mp-1105966,Gd2Te3
mp-1115,PtSe2
mp-1119,Nd2Te5
mp-1120746,Te2Mo
mp-11447,UTe
mp-11675,NbTe2
mp-1168,HfTe5
mp-11687,VTe2
mp-11693,TePt
mp-1173507,Np2Te3
mp-1176,TbTe
mp-1179059,TeMo6
mp-11800,Co3Se4
mp-1181516,CuTe
mp-1183040,ZrSe
mp-1183651,Cd3Te
mp-1183699,Co3Te
mp-1183984,Cu3Te
mp-1184256,Fe3Se
mp-1184307,Fe3Te
mp-1184385,Eu3Te
mp-1184509,GdTe
mp-1184749,IrSe
mp-1185605,LaSe3
mp-1185988,Mn3Te
mp-1185993,Mn3Te
mp-1186027,MoSe
mp-1186355,NpSe3
mp-1186391,NpTe3
mp-1186629,PmSe3
mp-1186975,Sc3Te
mp-1187016,ScTe3
mp-1187062,Th3Se
mp-1187303,Tb3Se
mp-1187309,Tb3Te
mp-1187392,Tc3Te
mp-1187477,Ti3Te
mp-1187912,Zn3Se
mp-1188427,Dy2Te3
mp-1189023,Cr2Se3
mp-1189791,Y2Te3
mp-1193776,Te5Pd21
mp-1197413,Sc9Te2
mp-1204799,Tc2Te5
mp-1205354,Sc2Se3
mp-1205384,LaTe2
mp-1206225,Tb2Te3
mp-1206927,Hf2Se
mp-1207258,Dy2Te3
mp-1207306,Y2Te3
mp-1207735,Y8Te3
mp-1207855,V5Te8
mp-1208221,Ti5Te8
mp-1208304,Te3Pd5
mp-1208342,TbTe3
mp-1213750,Cr5Te8
mp-1213754,Cr5Te8
mp-1213756,Cr7Te8
mp-1215359,Zr5Se8
mp-1215393,Zr3Te2
mp-1215634,Zr2Te3
mp-1216446,V9Te8
mp-1217116,Ti3Se
mp-1217180,Ti2Te3
mp-1217210,Ti2Te3
mp-1217357,Te8Ir3
mp-1217358,Te3Au
mp-1217429,Te16Rh9
mp-1217443,Te2Pd7
mp-1217447,Te10Rh7
mp-1217469,TbTe2
mp-1217665,Tb5Te9
mp-1217676,Tb8Se15
mp-1219373,Sc3Te4
mp-1219396,Sc2Te3
mp-1220085,Ni3Te4
mp-1220206,Nd4Te7
mp-1223902,HgTe
mp-1224444,Hf2Te3
mp-1224485,Hf2Se3
mp-1224800,FeTe2
mp-1225322,Dy4Te7
mp-1225676,Cu3Te2
mp-1225805,Cu2Se
mp-1226086,Cr5Te6
mp-1226090,Co5Te6
mp-1226350,Cr3Te5
mp-1226371,Cr2Se3
mp-1226456,Cr2Se3
mp-1226722,CdTe
mp-1229041,AgTe3
mp-1229101,Ag2Te
mp-1232216,PmSe2
mp-1232237,ScSe2
mp-12351,PrTe3
mp-1237467,CeSe2
mp-12383,Sc2Te3
mp-1247786,CeSe2
mp-1247858,Ag2Te
mp-12581,CdTe
mp-12779,CdTe
mp-12884,Hf5Te4
mp-13141,HgTe
mp-13152,TiSe
mp-1319,ZrTe
mp-1329,LaTe2
mp-1341,Te2Rh3
mp-1361,IrSe2
mp-13870,TaSe2
mp-1406,MnTe
mp-1447,SmSe
mp-1453,NdSe
mp-1507,HgTe
mp-15081,Sm2Se3
mp-1525,CeTe
mp-1539,ZrTe
mp-1551,Te2Ir
mp-1556,PuTe
mp-1560,LaTe
mp-1561,TbSe
mp-15651,NiSe
mp-15669,Ti3Te4
mp-1592,Ag2Te
mp-1628,TeRh
mp-16380,Nd2Te3
mp-1662,Te2Au
mp-1683,ZrSe3
mp-1708,YTe
mp-1782,ScSe
mp-1793,Zr3Te
mp-1811,HgTe
mp-1821,WSe2
mp-1830,NpTe
mp-1848,Te2Ru
mp-1861,Cu2Te
mp-1907,TiTe2
mp-1921,ThTe
mp-1967,TaTe2
mp-19736,EuTe
mp-19880,FeTe2
mp-20120,FeSe
mp-20123,Te2Au
mp-20196,NbTe4
mp-202,TaTe4
mp-203,NiTe
mp-20311,FeSe
mp-20328,U3Se4
mp-20414,U7Te12
mp-20438,PuTe
mp-20520,U3Te4
mp-2076,ZrSe2
mp-20826,CuTe
mp-20862,CoSe2
mp-2089,ZrTe3
mp-20901,NiSe2
mp-21009,EuSe
mp-21042,Te4Pt3
mp-21273,FeTe
mp-21335,UTe2
mp-2142,Te2Os
mp-21559,Zr2Te
mp-21576,Sc2Te
mp-2159,DyTe
mp-2176,ZnTe
mp-2189,CrSe
mp-21893,MnTe2
mp-2204,Nd3Te4
mp-2207,NbSe2
mp-22231,UTe3
mp-22297,Cu2Se
mp-22309,CoSe2
mp-22422,Ce3Te4
mp-2269,UTe
mp-22693,Te2W
mp-228,Te2Rh
mp-22817,TaTe4
mp-2285,Te2Ir
mp-2330,Nb2Se3
mp-2388,CdTe
mp-2418,PdSe2
mp-2503,Pd7Se4
mp-2532,PrTe
mp-2578,NiTe2
mp-267,Te2Ru
mp-2730,HgTe
mp-2750,Cr2Te3
mp-27793,Nb2Se
mp-27840,Cr3Se4
mp-28223,LaSe2
mp-28228,Ag7Te4
mp-28246,AgTe3
mp-28500,UTe5
mp-28919,Hf3Te2
mp-29639,Te7Pd20
mp-29652,TaSe3
mp-29907,Te4Pd9
mp-29957,Zr5Te6
mp-30067,Te3Pd10
mp-30797,Nb5Te4
mp-31103,Ni3Te2
mp-32578,Ce2Se3
mp-32581,Pr2Te3
mp-32654,Sc2Te3
mp-32682,Te8Ir3
mp-32688,Nd2Se3
mp-32755,La2Te3
mp-32811,Ag2Te
mp-32838,Ce2Te3
mp-32873,Hf23Se25
mp-32887,HfTe2
mp-342,SmTe
mp-350,Zr5Te4
mp-358,HgTe
mp-379,AgSe
mp-404,MnTe
mp-406,CdTe
mp-426,CoSe
mp-501,TaSe2
mp-505536,CeTe2
mp-505682,Dy2Te
mp-525,NbSe3
mp-540922,CrTe3
mp-541106,Nb2Se9
mp-541180,Te3Pt2
mp-541441,ZnTe
mp-541582,ReSe2
mp-541594,Sc8Te3
mp-542583,EuTe
mp-542621,TaSe2
mp-542634,Ta2Te3
mp-564,TePd
mp-567525,Te2Au
mp-567832,TiTe
mp-568220,NbTe4
mp-568251,Ni6Se5
mp-568593,Pd34Se11
mp-568761,AgTe
mp-568841,Np3Te4
mp-568865,ZrTe
mp-568998,CuSe
mp-569322,Te2Ir
mp-569388,Te2Ir
mp-569544,ZrTe
mp-570,NdTe
mp-570122,Cr3Te4
mp-570451,Nb2Te3
mp-570562,Te3Pt2
mp-570668,LaSe2
mp-570751,Nb3Te
mp-571033,NiSe
mp-571133,NbSe2
mp-571144,Sm3Te4
mp-571195,ZnTe
mp-571383,PdSe
mp-571486,CuSe
mp-571512,TePt
mp-571547,Te2Au
mp-571571,CeTe3
mp-571576,LaTe2
mp-571651,TiSe
mp-573810,U2Te5
mp-574283,GdTe
mp-583070,Re2Te5
mp-599,TiTe
mp-600216,U2Se3
mp-601823,TaTe2
mp-602,Te2Mo
mp-604910,MnSe
mp-604914,VSe
mp-604915,CrSe
mp-605,ZrTe5
mp-613,Te2Pd3
mp-618,Pd7Se2
mp-619501,U2Te3
mp-619905,Ti9Se2
mp-623012,CuTe
mp-624307,Cu7Te4
mp-638586,Te3Pd13
mp-642301,Y7Te2
mp-645273,Ce10Te19
mp-645449,Te3Au2
mp-650328,NbTe4
mp-651772,UTe5
mp-652044,Ce10Se19
mp-666,UTe2
mp-672389,MnTe
mp-680260,Ti45Se16
mp-680343,Ta21Te13
mp-684555,USe2
mp-684605,Cu17Se10
mp-684653,Cu2Se
mp-684787,U2Te3
mp-684798,Ag2Te
mp-684822,Co19Te34
mp-684844,Pu2Te3
mp-684869,Te16Rh11
mp-684876,Te40Rh31
mp-684911,Sm2Te3
mp-684965,ZrSe
mp-684997,Ni23Te42
mp-685003,Tb2Se3
mp-685007,Tb5Te9
mp-685031,Tb8Se15
mp-685047,V23Se40
mp-685048,Ag2Te
mp-685055,CrTe2
mp-685069,Sc2Te3
mp-685077,Fe2Te3
mp-685099,IrSe3
mp-685124,Ni19Se20
mp-685146,CdTe
mp-685189,Cu29Se19
mp-696673,Cr7Se8
mp-7007,NbSe2
mp-7131,PrTe
mp-722,Pr3Se4
mp-7273,Te8Rh3
mp-740,NdTe3
mp-7459,Te2Mo
mp-7498,Ti5Te4
mp-754,Te2Rh
mp-7564,Nb3Te4
mp-7581,MoSe2
mp-7818,Pd4Se
mp-782,Te2Pd
mp-7834,TaSe2
mp-788,CoTe
mp-794,CrTe
mp-7951,ThSe2
mp-807,NpTe
mp-8357,UTe3
mp-8591,USe2
mp-8601,Te4Mo3
mp-8628,Te4Pt3
mp-862863,Pa3Te
mp-862866,PaTe3
mp-865430,YTe
mp-865558,AcTe3
mp-867290,TbTe
mp-8732,Ta2Se
mp-879,La3Te4
mp-8884,ZnTe
mp-900,RhSe
mp-9281,ZnTe
mp-9399,SmTe3
mp-9429,USe3
mp-945077,YTe3
mp-948,ZnTe
mp-9521,Th7Te12
mp-974372,Rh3Se
mp-974469,ReTe
mp-975652,PrTe2
mp-976953,Ni3Te
mp-979273,TePd3
mp-982778,Zn3Se
mp-982779,NbTe
mp-9945,CoTe2
mp-9948,V5Te4
mvc-11438,CoSe2
mvc-11653,CrSe2
mp-1008876,MnCoS
mp-1018631,Dy(CuS)2
mp-1018637,Tb(CuS)2
mp-1018806,MoSeS
mp-1019322,Te2W
mp-1023124,Co2MoS4
mp-1023931,TeWS
mp-1023959,TeMoS
mp-1025224,V(CrS2)2
mp-1025269,Ti2CoS4
mp-1025305,Nb2CuS4
mp-1025312,Mn(NbS2)2
mp-1025350,Nb2CoS4
mp-1025368,Ti2VS4
mp-1025577,W3(SeS2)2
mp-1025584,W3(SeS2)2
mp-1025586,Te2W3S4
mp-1025588,W3(Se2S)2
mp-1025599,W3(Se2S)2
mp-1025769,Te4Mo3S2
mp-1025911,Mo2WS6
mp-1025922,Mo2WS6
mp-1025925,Mo3(SeS2)2
mp-1025937,Te4Mo3S2
mp-1025988,Mo3(SeS2)2
mp-1026020,Te2Mo3S4
mp-1026034,Mo(WS3)2
mp-1026916,MoSeS
mp-1026980,Mo2Se3S
mp-1027269,MoWS4
mp-1027335,MoWS4
mp-1027358,TeMoS
mp-1027412,TeMoS
mp-1027483,Mo2Se3S
mp-1027569,Mo3WS8
mp-1027580,MoSeS
mp-1027645,Mo3WS8
mp-1027647,MoWS4
mp-1027687,MoSeS
mp-1027696,TeMo2S3
mp-1027738,TeMoS
mp-1027890,Mo2SeS3
mp-1028487,W2SeS3
mp-1028492,TeW2S3
mp-1028512,TeW2S3
mp-1028586,Te2W
mp-1028604,TeWS
mp-1028690,TeWS
mp-1028755,Te3W2S
mp-1028761,TeWS
mp-1028769,W2Se3S
mp-1029246,MoW3S8
mp-1030461,TeMoS
mp-10328,LaCrS3
mp-10533,YCuS2
mp-10652,SmTe
mp-10748,TaCu3S4
mp-10754,Fe(RhS2)2
mp-1077935,V2CoS4
mp-1078000,Mn(CrS2)2
mp-1078077,V2CrS4
mp-1078387,FeCu3S4
mp-1078780,ZnCd3S4
mp-1080726,Zn3CrS4
mp-10933,Nd2TeS2
mp-1094066,ScAgS2
mp-1094100,Nb4CoS8
mp-1095296,Dy4Te3S4
mp-10953,Sc2CdS4
mp-1095468,Dy3Sc2S7
mp-1100884,Y6Mn11S20
mp-1103518,Dy(Mo3S4)2
mp-1103562,Nb(Mo3S4)2
mp-1103974,La(Mo3S4)2
mp-1103989,Nd(Mo3S4)2
mp-1104078,Y(Mo3S4)2
mp-1104162,Mn2ZnS4
mp-1104180,Pr2Te5
mp-1104449,Pr(Mo3S4)2
mp-1104677,Cd(Mo3S4)2
mp-1105097,Ti4CoS8
mp-1105614,NdScS3
mp-1105660,URuS3
mp-1105902,UCoS3
mp-1106085,Nb2PdS5
mp-1120816,Cu2SeS3
mp-1173016,Nb15IrS32
mp-1173110,Tb2EuS4
mp-1173526,Nb3NiS6
mp-1180758,LaTe2
mp-1181848,CdHgS4
mp-1184176,DyScS3
mp-1188199,Pr(YS2)3
mp-1188216,Ce2Te3
mp-1188262,TbScS3
mp-1188463,Th2FeS5
mp-1188689,Nd(YS2)3
mp-1188711,UVS3
mp-1188815,U2CoS5
mp-1188929,Ti(NbS2)3
mp-1189260,Nb3CrS6
mp-1189441,ThCrS3
mp-1189705,Ta9(CoS3)2
mp-1189927,EuZrS3
mp-1189957,Ta3RhS6
mp-1189962,PrScS3
mp-1190092,Ta3VS6
mp-1190131,LaScS3
mp-1191191,La3Fe2S7
mp-1191491,La4NiS7
mp-1191745,Sm4NiS7
mp-1191757,La4CoS7
mp-1192173,La3Co2S7
mp-1192708,U8CoS17
mp-1192725,Pr4CuS7
mp-1192730,V(MoS2)2
mp-1192773,Co(MoS2)2
mp-1192774,Hf9Re4S
mp-1192848,U8MnS17
mp-1192920,La4FeS7
mp-1193030,Ce4CoS7
mp-1193219,Fe(MoS2)2
mp-1193370,Nb2CuS4
mp-1193407,Dy2ZnS4
mp-1193731,U8VS17
mp-1193754,U8TiS17
mp-1193946,Mn(NbS2)2
mp-1194092,Hf9Mo4S
mp-1194113,Y2ZnS4
mp-1194374,Nb4VS8
mp-1195795,La4(YS2)11
mp-1195809,Gd2HfS5
mp-1195848,U6Rh2S15
mp-1196123,Nd2HfS5
mp-1196300,Nd2ZrS5
mp-1196472,Pr2US5
mp-1197050,Y2ZrS5
mp-1197117,Pr4(YS2)11
mp-1197619,La4(DyS2)11
mp-1198001,Dy2HfS5
mp-1198687,La2ZrS5
mp-1198956,Nd2ThS5
mp-1199023,Dy2ZrS5
mp-1199162,La2US5
mp-1199263,Ce4(YS2)11
mp-1199685,Cu2(ReS2)3
mp-1200233,DyAgS2
mp-1200242,GdAgS2
mp-1200447,LaYS3
mp-1201221,Ag2(RhS)15
mp-1202195,Pr2ZrS5
mp-1202577,Pr2ThS5
mp-1202732,Pd2(RhS)15
mp-1202803,Pu2US5
mp-1202826,Gd2US5
mp-1203122,Ce2ZrS5
mp-1203224,Pr2HfS5
mp-1203455,Sm2ThS5
mp-1206548,Nb2NiS4
mp-1207423,Zr9W4S
mp-1207526,Zr6FeS2
mp-1208142,V3(CuS2)4
mp-1208409,Ta3CoS6
mp-1209031,Sm3CrS6
mp-1209414,Sm4MnS7
mp-1209456,Sm4CrS7
mp-1209912,Pd3Se2S
mp-1209934,Pr4NiS7
mp-1210258,Pr4CrS7
mp-1210690,Pr4CoS7
mp-1210765,Nd4NiS7
mp-1211125,Nd4CoS7
mp-1211293,La(YS2)3
mp-1211414,LaTiS3
mp-1211918,La3Cu2S7
mp-1212783,Gd3TiS6
mp-1213337,Gd3ScS6
mp-1214220,Ce2Fe2S5
mp-1214308,Ce3CrS6
mp-1215176,ZrUS2
mp-1215189,ZrTiS4
mp-1215430,Zn2SeS
mp-1215436,Zn2FeS3
mp-1215446,Zn2SeS
mp-1215447,ZnHgS2
mp-1215469,ZnFeS2
mp-1215500,Zn3CoS4
mp-1215515,Zn4FeS5
mp-1215530,Zn2FeS3
mp-1215566,Zn5Se4S
mp-1215573,Zr2CoS4
mp-1215577,Zr2NiS4
mp-1215578,Zn4CdS5
mp-1215580,Zn5SeS4
mp-1215597,Zr2(SeS)3
mp-1215640,Zn2FeS3
mp-1215765,YUS2
mp-1215784,Zn4CdS5
mp-1216058,Y2TeS2
mp-1216101,Y4US7
mp-1216108,Y4CdS7
mp-1216124,Y4CrS7
mp-1216385,VCuS4
mp-1216534,U2SeS
mp-1216571,V2MoS4
mp-1216698,TiSeS
mp-1216784,TiMoS3
mp-1216843,V(CrS2)2
mp-1216896,TiCuS4
mp-1216903,TiCrS2
mp-1216997,V(Cr7S10)2
mp-1217001,U3TiS6
mp-1217134,Ti3VS4
mp-1217140,Ti3(SeS2)2
mp-1217143,Ti3AgS6
mp-1217148,Ti3VS6
mp-1217178,Ti3FeS6
mp-1217196,Ti5MnS10
mp-1217205,Ti5CuS10
mp-1217266,Ti(MoS2)2
mp-1217360,Ti(CrS2)2
mp-1217436,ThU2S5
mp-1217524,Th2(Mo3S4)5
mp-1217634,Tb3Sc2S7
mp-1217639,Tb4CeS7
mp-1217708,Tb2MnS4
mp-1217770,Ta2AgS4
mp-1217790,Ta(Mo2S5)2
mp-1217794,Ta10SeS3
mp-1217848,Tb(CuS)3
mp-1217910,TaMoS4
mp-1218002,Ta2MoS6
mp-1218051,Ta4MoS8
mp-1218053,Ta3(CuS3)2
mp-1218056,Ta4AgS8
mp-1218062,Ta3WS8
mp-1219053,SmEuS2
mp-1219055,SmGdS3
mp-1219140,Sm3YS4
mp-1219173,Sm4EuS5
mp-1219501,RuSeS
mp-1219515,Ru2SeS3
mp-1219720,PtSeS
mp-1219726,PrUS2
mp-1219732,Pt4SeS3
mp-1219738,PrSm3S4
mp-1219823,PrU2S5
mp-1219871,PdSeS
mp-1220154,NdU2S5
mp-1220442,Nb6ZnS8
mp-1220444,Nb6CdS8
mp-1220455,NbW3S8
mp-1220620,Nb3WS8
mp-1220692,Nb3IrS8
mp-1220696,Nb2AgS4
mp-1220938,Nb3(CuS3)2
mp-1221404,MoSeS
mp-1221485,Mo2SeS3
mp-1221501,Mo3(SeS)2
mp-1221502,MnZnS2
mp-1221529,MnZnS4
mp-1221530,MnZn4S5
mp-1221533,MnZn4S5
mp-1221534,MnZn3S4
mp-1221581,MnHg2S3
mp-1221590,MnHg3S4
mp-1221595,MnHg4S5
mp-1221643,MnCdS2
mp-1221701,MnVS2
mp-1221703,MnCd2S3
mp-1221706,Mn4CdS5
mp-1221772,MnCd4S5
mp-1221777,MnCd4S5
mp-1221805,Mn4FeS5
mp-1221850,Mn4CoS5
mp-1222040,Mn(CuS)2
mp-1222958,LaEuS2
mp-1223418,La2CeS4
mp-1223955,Hg2TeS
mp-1224418,Hf2(SeS)3
mp-1224432,Hf(US)3
mp-1224454,Hf3CoS6
mp-1224473,Hf2NiS4
mp-1224493,Hf4FeS8
mp-1224522,La9Mn5S21
mp-1224623,Hf8Mo5S
mp-1224776,Gd3Sc2S7
mp-1225004,FeCoS4
mp-1225090,FeNiS2
mp-1225163,Fe2SeS
mp-1225191,Fe3Rh3S8
mp-1225204,Fe3(Se2S)2
mp-1225337,Dy4MnS7
mp-1225651,DyCrS3
mp-1225702,CuNi3S8
mp-1225747,CuSeS
mp-1225772,Cu3Pd13S7
mp-1226019,Co5NiS8
mp-1226056,Co5CuS8
mp-1226064,CoNiS4
mp-1226070,CoCuS4
mp-1226106,CoRhS4
mp-1226130,Cr5NiS8
mp-1226263,Cr11NiS16
mp-1226267,Cr2SeS
mp-1226292,Cr4(SeS)3
mp-1226328,Cr4Te3S
mp-1226375,Cr3Rh3S8
mp-1226465,Co3Ni3S8
mp-1226504,Co(NiS2)2
mp-1226520,CeTh2S3
mp-1226610,CeY4S7
mp-1226713,CeDy4S7
mp-1226737,Ce2SeS
mp-1226812,Ce2ThS3
mp-1226820,Cd5TeS4
mp-1226846,Cd5Te4S
mp-1226907,Cd3FeS4
mp-1226929,Cd4CoS5
mp-1226961,Ce(PrS2)2
mp-1226993,La9Ni5S21
mp-1227026,Cd4FeS5
mp-1227523,CeU2S5
mp-1232268,Cr2AgS4
mp-1232346,Cr2AgS4
mp-1237864,Nb2CuS4
mp-1238784,Cr2HgS4
mp-1238791,Cr2CuS4
mp-1238836,Cr2HgS4
mp-1238867,Cr2CuS4
mp-1239173,Cr2AgS4
mp-1239177,Cr2AgS4
mp-1239184,Cr2HgS4
mp-14025,Zr2CuS4
mp-1492,CdTe
mp-15613,Cu(RhS2)2
mp-15958,Nb3VS6
mp-15973,Cr2HgS4
mp-16684,PrCuS2
mp-16919,Y2HfS5
mp-17105,Hf9V4S
mp-19866,UTeS
mp-20499,Sc2FeS4
mp-20961,EuPd3S4
mp-21019,Cr2FeS4
mp-2127,Pr3Te4
mp-21338,U(Mo3S4)2
mp-21871,CeCrS3
mp-22063,UCrS3
mp-22119,U(PdS2)2
mp-22613,Nb3FeS6
mp-22658,Co2NiS4
mp-22803,Cr2CuS4
mp-2550,NdTe2
mp-27380,FeMo3S4
mp-27512,Cr2NiS4
mp-27554,Ag3AuS2
mp-28308,Ta2NiS5
mp-28356,U6Cu2S13
mp-28507,La8Nb7S22
mp-2889,LaPd3S4
mp-28941,HfAg2S3
mp-29163,Ag2TeS3
mp-29211,V4Cu3S8
mp-29580,Ta9(CoS3)2
mp-29790,U3Te5
mp-2995,La2Fe2S5
mp-30075,Ti4FeS8
mp-3102,TaCuS3
mp-33449,Tb5AgS8
mp-33670,NbIrS4
mp-34009,Ce(SmS2)2
mp-34145,Ce2CdS4
mp-34376,Tb2CdS4
mp-34460,Ag3AuS2
mp-34486,Pr5AgS8
mp-34982,Ag3AuS2
mp-35512,Dy5AgS8
mp-35785,Y2CdS4
mp-3581,Ta4MnS8
mp-35835,Ag(AuS)2
mp-36052,ScUS2
mp-36088,La5SmS8
mp-3627,Eu(Mo3S4)2
mp-3669,Mn(NbS2)4
mp-37070,Pr2SmS4
mp-37199,Ce(NdS2)2
mp-37233,Nd2CdS4
mp-37449,Nd5AgS8
mp-37923,Sm5AgS8
mp-38901,Nd2SmS4
mp-38931,Tb2SmS4
mp-3925,Co2CuS4
mp-3926,NbAg7S6
mp-3930,Sc2MnS4
mp-3951,Ti2CuS4
mp-399,Te2Pt
mp-4182,CrAgS2
mp-4194,Zn(CrS2)2
mp-4841,LaCuS2
mp-504587,Fe9Cu9S16
mp-505522,Fe(NiS2)2
mp-5058,FeAgS2
mp-5081,SmCuS2
mp-510471,GdCuS2
mp-510490,GdScS3
mp-5178,V2CuS4
mp-5222,ReTeS
mp-5306,Nb4CrS8
mp-530870,Tb6CdS10
mp-530925,Fe6Ni9S20
mp-531696,Ti9ZnS16
mp-532220,Dy(CrS2)3
mp-5335,U2PdS4
mp-540724,Fe4Cu2S7
mp-542188,Cr(MoS2)2
mp-542189,Fe(MoS2)2
mp-542627,Fe2AgS3
mp-554120,DyCuS2
mp-555044,DyCuS2
mp-555345,CrCuS2
mp-555370,V(MoS2)2
mp-555795,Y2CrS4
mp-557373,Cu2WS4
mp-559388,U8FeS17
mp-559918,Ti2CuS4
mp-560676,CrAgS2
mp-561242,TaAgS3
mp-567584,Hf2Te
mp-5725,CuAg3S2
mp-572604,Eu2Re6S11
mp-5821,TaAgS3
mp-5862,CrCuS2
mp-615821,Ta9(FeS3)2
mp-619571,ScU8S17
mp-620369,TaAg7S6
mp-640073,FeCuS2
mp-644883,CuAg3S2
mp-669370,Ta5AuS
mp-672708,Fe(CuS)2
mp-672709,Fe(CuS)2
mp-673875,Fe2RhS4
mp-674355,Co(NiS2)2
mp-674858,Co(NiS2)2
mp-675037,Sm2EuS4
mp-675067,Sm2ZnS4
mp-675143,Eu(GdS2)2
mp-675307,Fe5Ni7S16
mp-675336,Pr10US16
mp-675380,Nb15IrS32
mp-675643,Ce5AgS8
mp-675691,Ni2RhS4
mp-675741,La10US16
mp-675781,Cu3(Mo3S4)4
mp-675920,Ti6AgS12
mp-676058,V3NiS6
mp-676156,Gd5AgS8
mp-676291,Ta6Te3S
mp-676402,Ti8Cu3S16
mp-676751,Cr5AgS8
mp-676880,Ce10US16
mp-677075,Gd2CdS4
mp-677272,La2EuS4
mp-677597,Ta4AgS8
mp-680259,TaTe4
mp-685224,Sc22Fe7S40
mp-685265,Nd6MnS10
mp-685513,Pr6MnS10
mp-685874,V(MoS2)2
mp-690962,Nb24(CuS8)5
mp-6980,ScCuS2
mp-7113,CrAuS2
mp-7276,ScUS3
mp-753211,FeCuS2
mp-760980,FeCu5S4
mp-7923,Co(MoS2)2
mp-8435,Ta2PdS6
mp-8911,CuAgS
mp-8976,Cu2WS4
mp-9483,Zr9V4S
mp-9635,Ag2HgS2
mp-971712,ZnCdS2
mp-978640,Sm(Mo3S4)2
mp-981379,Zn3CdS4
mp-985298,Ce2HfS5
mp-985558,Ce2US5
mvc-11131,Zn(CoS2)4
mvc-11132,Zn(NiS2)2
mvc-11313,Ti4ZnS8
mvc-11742,Zn(FeS2)4
mvc-12007,Y2(CuS2)3
mvc-12731,Ti4ZnS8
mvc-12859,ZnCo2S5
mvc-12948,Zn(FeS2)4
mvc-12972,Mn2ZnS5
mvc-134,ZnFe2S5
mvc-14446,V2ZnS4
mvc-14516,Y(CuS2)3
mvc-14774,Ti2ZnS5
mvc-14775,V2ZnS5
mp-1001012,Sc2ZnS4
mp-1001015,Y2ZnS4
mp-1001021,Y2ZnSe4
mp-1006324,Ce(YS2)3
mp-1008873,MnCoSe
mp-1018642,Y(CuS)2
mp-10199,Mn(NbS2)3
mp-1023929,WSeS
mp-1023953,MoSeS
mp-1023954,MoWS4
mp-1025151,Cr2NiSe4
mp-1025173,Ti(MoS2)2
mp-1025182,V2FeSe4
mp-1025190,Co2NiSe4
mp-1025231,Pr2CrS4
mp-1025263,Ti2NiS4
mp-1025291,Ti(NbSe2)2
mp-1025318,Co(NiSe2)2
mp-1025322,V(CoSe2)2
mp-1025347,Ti2CoSe4
mp-1025575,Mo(WSe3)2
mp-1025587,Te4W3S2
mp-1025685,Te4Mo3Se2
mp-1025689,Mo(WS3)2
mp-1025690,Te2W3S4
mp-1025733,Te4Mo3Se2
mp-1025819,Mo3(Se2S)2
mp-1025906,Mo3(Se2S)2
mp-1025986,Te2Mo3S4
mp-1026348,Te2W3Se4
mp-1026350,Te4W3Se2
mp-1026356,Te4W3Se2
mp-1026362,Te4W3S2
mp-1027273,MoW3S8
mp-1027492,MoSeS
mp-1027608,Mo2SeS3
mp-1027642,Te3Mo2S
mp-1027761,TeMo2S3
mp-1028414,MoWSe4
mp-1028456,TeWSe
mp-1028488,WSeS
mp-1028526,TeWS
mp-1028558,W2SeS3
mp-1028589,TeWSe
mp-1028598,Te3W2Se
mp-1028663,WSeS
mp-1028686,W2Se3S
mp-1028731,TeW2Se3
mp-1028762,TeW2Se3
mp-1028764,WSeS
mp-1028772,WSeS
mp-1028869,Te3W2S
mp-1030119,MoWS4
mp-1030274,Te3Mo2S
mp-1030447,Te3Mo2Se
mp-1030709,TeMoSe
mp-1030721,Te3Mo2Se
mp-10495,NdCuS2
mp-1065204,CrAgS2
mp-1077144,CdHgS4
mp-1077811,CuAgS
mp-1077938,Pr2CrSe4
mp-1077996,Cr(RhSe2)2
mp-1078058,Ti(CrS2)2
mp-1078162,Fe(RhSe2)2
mp-1078200,V2CoSe4
mp-1078247,Cr2FeS4
mp-1078249,Co(RhSe2)2
mp-1078597,ZnCd3Se4
mp-1079034,Zn3CdSe4
mp-1079562,UFeSe3
mp-1080466,Nb2PdS6
mp-1096795,YAgS2
mp-1096867,Cd(CuSe)2
mp-1096959,FeAgSe2
mp-1096969,FeAgS2
mp-1096975,FeCuS2
mp-1100873,YAgSe2
mp-1103734,Cr(Mo3Se4)2
mp-1103853,Tb(Mo3S4)2
mp-1103960,Pr(Mo3Se4)2
mp-1103966,Cd(Mo3Se4)2
mp-1103998,Fe(Mo3S4)2
mp-1104295,Nd(Mo3Se4)2
mp-1104366,Ti4NiS8
mp-1104431,Sm(Mo3Se4)2
mp-1104894,Cu(Mo3Se4)2
mp-1105059,Mn(Mo3Se4)2
mp-1105074,V(Mo3Se4)2
mp-1105840,Nb3VSe6
mp-1106349,SmPd3S4
mp-11193,VAuS2
mp-1173144,Ta2OsSe6
mp-1173369,Pr2EuSe4
mp-1173506,Nb9IrS20
mp-1173540,Sm31(CuSe16)3
mp-1173568,Sm6MnS10
mp-11791,CeCuSe2
mp-11792,PrCuSe2
mp-1181743,CoHgS4
mp-1186227,Nb3CoSe6
mp-1187280,Ta3CrSe6
mp-1188226,UCoSe3
mp-1188365,PrPd3S4
mp-1188372,UVSe3
mp-1188428,La3MnS5
mp-1188631,Ti(NbSe2)3
mp-1188840,SmScS3
mp-1189011,Ta3CrS6
mp-1189225,Nb3RhSe6
mp-1189616,Ta3FeS6
mp-1189627,Th2FeSe5
mp-1189832,Eu5(ZrS4)3
mp-1190059,EuHfS3
mp-1191230,Pr4FeS7
mp-1191552,Fe2AgS3
mp-1191906,Nd4FeS7
mp-1192020,Eu2CuS3
mp-1192341,Pr4MnS7
mp-1192454,Ti(NbS2)4
mp-1192482,Nd4MnS7
mp-1192540,Nb4NiS8
mp-1192655,U8CrSe17
mp-1192861,U8NiSe17
mp-1192888,U8NiS17
mp-1192911,Sm4FeS7
mp-1193039,Ce4CrS7
mp-1193368,Nb4CoSe8
mp-1193575,Mn(NbSe2)4
mp-1193686,Nb4FeS8
mp-1193767,Hf9W4S
mp-1193958,Nb2FeS4
mp-1193960,Eu(DyS2)2
mp-1194475,La2U2Se9
mp-1194651,Ce2ZrSe5
mp-1195609,Pr2ZrSe5
mp-1195982,La2ThS5
mp-1196148,Sm2ZrS5
mp-1197243,U2TiS5
mp-1197252,Tb2ZrS5
mp-1197354,ZrU2S5
mp-1197947,La2HfS5
mp-1198013,Gd2USe5
mp-1198018,Cd2Mo15Se19
mp-1198078,Sm2ZrSe5
mp-1199006,Tb2HfS5
mp-1200036,Gd2ZrS5
mp-1200271,AgPd3Se
mp-1200409,La2ZrSe5
mp-1200551,Nd2US5
mp-1201621,La2USe5
mp-1201912,Ce2ThS5
mp-1202520,Sm2HfS5
mp-1202782,Hg3Pd8Se9
mp-1204251,Ta8CoSe8
mp-1205094,SmAgS2
mp-1207420,Zr9Mo4S
mp-1207598,YPd3S4
mp-1207671,YAgS2
mp-1207827,Y3CrS6
mp-1208121,UTeSe
mp-1208259,Ti3CoS6
mp-1208370,TbAgS2
mp-1208432,Ta3MnS6
mp-1208493,Ta20Te5S3
mp-1208516,Tb3CrS6
mp-1209946,NbCrS5
mp-1209948,NbFeSe5
mp-1210442,Nd4CrS7
mp-1211380,LaVS3
mp-1212479,Hf9Mo4Se
mp-1212952,Dy3CrS6
mp-1213664,Hg(MoS2)6
mp-1215370,Zr4CuS8
mp-1215475,ZnCdS2
mp-1215502,Zn3FeS4
mp-1215532,Zn4FeSe5
mp-1215665,Zr3CoSe6
mp-1215700,YZrS2
mp-1215915,YScS2
mp-1216001,YAgSe2
mp-1216060,Y2USe3
mp-1216082,Y2MnS4
mp-1216113,Y4MnS7
mp-1216175,Y4FeS7
mp-1216184,Y(CuS)3
mp-1216368,VCrSe2
mp-1216478,V7(CuS6)2
mp-1216499,V3FeS6
mp-1216659,V2FeSe4
mp-1216719,U2TeSe
mp-1216724,V(FeS2)2
mp-1216761,TiVS2
mp-1216764,TiVSe4
mp-1216921,UTeSe
mp-1216936,U4TeSe7
mp-1217039,V4(CrS2)5
mp-1217118,Ti3(TeSe)2
mp-1217175,Ti5(CuS5)2
mp-1217185,Ti3CoS6
mp-1217215,Ti4MnS8
mp-1217265,ThUS2
mp-1217293,TeMoSe
mp-1217311,ThUS2
mp-1217319,TeW2Se3
mp-1217350,Ti(FeSe2)2
mp-1217604,TbEu4S5
mp-1217684,Tb2TeS2
mp-1217751,Tb3CuSe6
mp-1217829,TaTiSe4
mp-1217841,Tb(CuSe)3
mp-1217846,Ta20Pd9S50
mp-1217890,TaSeS
mp-1217917,TaMoS4
mp-1217959,TaCuS2
mp-1217968,Ta4SeS
mp-1217994,Ta2ZnS4
mp-1218020,Ta2FeS4
mp-1218028,Ta4MoS10
mp-1218033,Ta3MoS8
mp-1218047,Ta4MoSe10
mp-1218077,Ta2NiS4
mp-1218083,Ta6TeSe2
mp-1218136,Ta4NiS8
mp-1218975,SmYS2
mp-1218990,SmY4Se5
mp-1219007,SmGdS2
mp-1219093,SmU2Se5
mp-1219136,Sm3DyS4
mp-1219250,ScUS2
mp-1219343,ScCuSe2
mp-1219448,Sm4GdS5
mp-1219512,RuRhS4
mp-1219520,Sc(CuS)3
mp-1219527,Sc(CuSe)3
mp-1219761,Pt3(RhSe5)2
mp-1219948,NiSeS
mp-1220049,NiRuS4
mp-1220382,Nb5(SeS)2
mp-1220396,NbMoSe3
mp-1220398,NbMoS3
mp-1220404,NbMoS4
mp-1220413,NbSeS
mp-1220460,Nb4CuSe8
mp-1220463,Nb6CuSe8
mp-1220566,Nb3WSe8
mp-1220569,Nb4FeS8
mp-1220583,Nb5V3S20
mp-1220596,Nb4AgS8
mp-1220686,Nb2CuSe4
mp-1220691,Nb2CuS4
mp-1220734,Nb2FeS4
mp-1221348,MnNiSe2
mp-1221491,Mo2RuSe4
mp-1221510,MnZn4Se5
mp-1221540,Mn2SeS
mp-1221580,MnHgS2
mp-1221632,MnCdS2
mp-1221678,MnCd4S5
mp-1221690,MnCdSe4
mp-1221768,Mn4CdS5
mp-1221940,Mn2FeSe3
mp-1221977,Mn4Te3Se
mp-1221987,Mn2CrSe3
mp-1222234,Mn4FeS5
mp-1222474,Mn2Cr13S20
mp-1222697,LaSmS2
mp-1222713,LaUS2
mp-1222829,LaSeS
mp-1223009,LaU2S5
mp-1223069,La4Se7S
mp-1223907,Hg2SeS
mp-1224121,HfZrS6
mp-1224524,Hf(Ti2Se5)2
mp-1224687,Fe2CuS3
mp-1224725,Fe2NiSe4
mp-1224875,FeNiSe4
mp-1224893,FeNiS4
mp-1224903,FeNiS2
mp-1224949,FeCuS2
mp-1224971,FeCoS2
mp-1224978,FeCo3S8
mp-1224980,FeCu3S8
mp-1225005,Fe2CuS3
mp-1225166,Fe4Te3S
mp-1225174,Fe(CoSe2)2
mp-1225183,Fe3Te2Se
mp-1225289,Dy2TeS2
mp-1225299,Eu2SeS
mp-1225330,Dy4CdS7
mp-1225331,Dy4CdSe7
mp-1225403,Dy(CuSe)3
mp-1225442,Dy4FeSe7
mp-1225604,FeNi35S32
mp-1225724,Dy(CuS)3
mp-1225994,CoTeSe
mp-1226013,CoNiSe2
mp-1226030,CoSeS
mp-1226038,Cr5(Te3Se)2
mp-1226040,CoRuS4
mp-1226065,CoNi5S8
mp-1226084,CoNiSe4
mp-1226240,CrFeS2
mp-1226309,CrCuS4
mp-1226336,CrFeS4
mp-1226346,Cr3(TeSe)2
mp-1226384,Gd(CuS)3
mp-1226452,Cr5NiS8
mp-1226483,CeThS2
mp-1226502,CeNdS2
mp-1226505,Cr11NiS16
mp-1226571,CeSm3S4
mp-1226707,Cr12Fe3S20
mp-1226715,CdFeS2
mp-1226729,CdHgSe2
mp-1226763,CdFeS2
mp-1226783,Cd4Te3Se
mp-1226811,Cd4Te3Se
mp-1226917,Cd3FeSe4
mp-1226940,Cd2TeSe
mp-1226950,Cd2TeS
mp-1226952,Cd2TeSe
mp-1227608,La12Fe11S30
mp-1238827,Cr2AgS4
mp-1238831,Cr2AgS4
mp-1238841,Cr2CuS4
mp-1238890,Cr2HgS4
mp-1239195,Cr2CuS4
mp-1245981,Y2Pt2S7
mp-12843,YCuS2
mp-12984,TbCuSe2
mp-13993,Ti3NiS6
mp-13994,Ti3NiS6
mp-14928,Sc2MnSe4
mp-15065,Cu(IrS2)2
mp-15227,NdPd3S4
mp-15614,Cu(RhSe2)2
mp-15931,NdCrS3
mp-15932,SmCrS3
mp-15974,Mn(CrS2)2
mp-16267,Dy2CdS4
mp-16335,Ti3FeS6
mp-18010,Ta2Pd3Se8
mp-19924,USeS
mp-20775,CeDyS3
mp-20953,CeScS3
mp-21037,U2FeS5
mp-21103,UPdSe3
mp-21217,URhS3
mp-21299,Cr2CoS4
mp-21583,Sc(US2)3
mp-21584,Ta11(CoSe4)2
mp-21656,Ta11(FeSe4)2
mp-21855,VCu3Se4
mp-22605,Cr2CdSe4
mp-22667,UFeS3
mp-22744,Ta11(NiSe4)2
mp-28019,NbCrSe5
mp-28888,Cu(PtS2)2
mp-29091,Ti(CuS)4
mp-31273,La2CuS4
mp-33775,La5AgSe8
mp-34175,Ce2CdSe4
mp-34289,TiNbS4
mp-34309,Pr2EuS4
mp-3497,FeCuS2
mp-34987,Sm(DyS2)2
mp-35281,Sm2CdS4
mp-3532,CrAgSe2
mp-35801,U12Ir4Se31
mp-36395,La2CdS4
mp-3652,Ta9(FeS3)2
mp-36592,Nd5AgSe8
mp-36912,Pr2CdS4
mp-37045,Ce2SmS4
mp-37386,La2SmS4
mp-37478,La5AgS8
mp-37521,Nd2USe4
mp-3762,VCu3S4
mp-37693,Nd2EuS4
mp-37920,AgAuS2
mp-3824,Ta9(NiS3)2
mp-38971,Eu(YS2)2
mp-4338,Cr2CdS4
mp-4909,V2NiS4
mp-5014,CuAgS
mp-505244,FeCuSe2
mp-5090,Ti2FeSe4
mp-510528,GdCuSe2
mp-530588,Dy(CrS2)3
mp-530701,Ni5(Mo3Se4)8
mp-531882,U7(Pd3S4)8
mp-532329,Fe3(CuS5)2
mp-540544,U8CrS17
mp-541183,Ta2NiSe7
mp-554416,Ta4FeS8
mp-555276,Sm2US5
mp-556107,Nd6Nb5S16
mp-557833,Ti(Ag4S3)2
mp-560046,Ta2Pt3S8
mp-5602,Cr2HgSe4
mp-561419,V2FeS4
mp-5621,NbCu3S4
mp-562537,Ta2Ni3S8
mp-569662,V2NiSe4
mp-570420,Nb2CrSe4
mp-570708,CrAgSe2
mp-5737,TbCuS2
mp-5749,Cr2FeSe4
mp-5766,CeCuS2
mp-603934,Fe2CuS3
mp-605485,Fe2CuS3
mp-619067,U3Cu2S7
mp-631573,Re2AuSe
mp-672235,Co(NiS2)2
mp-673844,Cr(FeSe2)2
mp-674310,Cr4Cu3Se8
mp-674343,Ti10Cu7S20
mp-674348,Gd2MnS4
mp-674352,TaAg7S6
mp-674499,Nb17Ir3S40
mp-675160,Ce11MnS16
mp-675208,Co(Mo3Se4)4
mp-675223,La4Ag2Se7
mp-675290,Nb9IrSe20
mp-675349,DyCuSe2
mp-675367,Nb3IrS8
mp-675396,Sm3Eu3S8
mp-675420,Pr4Ag2Se7
mp-675430,Sm4Ag2Se7
mp-675633,Ag4AuS2
mp-675678,Nd4Ag2Se7
mp-675745,Cu(Mo3S4)2
mp-675830,FeCu5S4
mp-675895,La3Fe2S7
mp-675902,YCuSe2
mp-676073,Cr2CoSe4
mp-676083,Ce2USe4
mp-676143,Ce5AgSe8
mp-676144,Ti(CrS2)2
mp-676284,YAgSe2
mp-676348,NbAg7S6
mp-676377,Ti2CuS4
mp-676424,Sm(GdS2)2
mp-676854,Ta14(CuS8)3
mp-677055,ScCuSe2
mp-685767,Ta24Ti5Se48
mp-685820,Sc10Mn17S32
mp-685926,Nd10US16
mp-685980,NiMo3S4
mp-686094,Ti3CuS6
mp-686354,Cr2CoSe4
mp-686369,Ta22(CuS12)3
mp-686487,Th2(Mo3S4)5
mp-695771,Eu(Ni3S4)2
mp-696867,V4NiS8
mp-7116,Nb3CoS6
mp-7443,Nb2CrSe4
mp-767157,Ti16CuS32
mp-7792,YScS3
mp-7823,V2NiSe4
mp-8436,Ta2PdSe6
mp-861512,PrCrSe3
mp-961651,ZrFeSe
mp-961658,VFeSe
mp-985277,Ce2USe5
mp-989651,HfTeSe4
mp-990091,Ag2WS4
mp-9942,Ti2FeS4
mp-999139,TaHgS2
mvc-11245,Zn(FeS2)2
mvc-11251,Ti2ZnS4
mvc-11273,Zn(NiS2)4
mvc-11275,V4ZnS8
mvc-11285,Zn(CoS2)4
mvc-11286,Zn(NiS2)4
mvc-11418,V4ZnS8
mvc-11745,Zn(CrS2)4
mvc-12340,Mn4ZnS8
mvc-12347,Zn(CrS2)4
mvc-12951,Mn4ZnS8
mvc-12967,ZnNi2S5
mvc-14772,V2ZnS4
mvc-16256,ZnCr2S5
mvc-16600,Y(MnS2)2
mvc-16616,Y(VS2)2
mvc-16628,Ti2ZnS4
mvc-16728,Y(VS2)2
mvc-16729,Y(MnS2)2
mvc-16734,Y(CrS2)2
mvc-16741,Y(TiS2)2
mvc-16744,Y(CoS2)2
mvc-16769,Y(CrS2)2
mvc-16778,Y(CoS2)2
mvc-16784,Zn(CoS2)2
mvc-16786,Zn(NiS2)2
mvc-16787,Zn(CrS2)2
mvc-16790,Y(TiS2)2
mvc-16792,Y(MnS2)2
mvc-98,Zn(CoS2)2
mp-1001016,Sc2ZnSe4
mp-1006367,Ce2HfSe5
mp-1008631,VCoTe
mp-1008872,MnFeTe
mp-1008874,MnCoTe
mp-1009592,CrFeTe
mp-1009593,CrCoTe
mp-1017534,ZnCdSe2
mp-1018020,NiAgSe2
mp-1018083,CrCdTe2
mp-1018084,CrAgTe2
mp-1021670,TiAgSe2
mp-1023928,MoWSe4
mp-1023941,Te4MoW
mp-1023943,TeWSe
mp-1023948,TeMoSe
mp-1025150,Cu2WSe4
mp-1025180,Mn(CrSe2)2
mp-1025195,Nb2VSe4
mp-1025203,Ti2VSe4
mp-1025207,Ti(CrTe2)2
mp-1025219,Ti2VTe4
mp-1025222,ZnPd5Se
mp-1025232,V2CrSe4
mp-1025235,Fe(CoSe2)2
mp-1025239,Cr2CoTe4
mp-1025278,V2CrTe4
mp-1025279,Ti(CrSe2)2
mp-1025281,Ti2NiSe4
mp-1025282,Ti(VTe2)2
mp-1025340,Cu2WSe4
mp-1025344,V(CrTe2)2
mp-1025345,Ti2CrTe4
mp-1025359,Fe(NiSe2)2
mp-1025371,CdPd5Se
mp-1025380,Cr2FeTe4
mp-1025629,Te6Mo2W
mp-1025649,Te6Mo2W
mp-1025678,Te6MoW2
mp-1025728,Te2Mo3Se4
mp-1025787,Mo(WSe3)2
mp-1025815,Mo2WSe6
mp-1025876,Te2Mo3Se4
mp-1025905,Mo2WSe6
mp-1026349,Te2W3Se4
mp-1026351,Te6MoW2
mp-1027682,TeMo2Se3
mp-1027683,TeMoSe
mp-1027818,TeMo2Se3
mp-1028409,Mo3WSe8
mp-1028420,Mo3WSe8
mp-1028452,Te3W2Se
mp-1028459,TeWSe
mp-1028514,MoWSe4
mp-1028576,Te8MoW3
mp-1028594,Te4MoW
mp-1028749,TeWSe
mp-1028823,MoW3Se8
mp-1028978,MoWSe4
mp-1029256,Te4MoW
mp-1030106,Te4MoW
mp-1030108,Te8MoW3
mp-1030155,Te8Mo3W
mp-1030331,Te8Mo3W
mp-1030335,Te4MoW
mp-1030393,TeMoSe
mp-1030504,MoW3Se8
mp-1030565,MoWSe4
mp-1030732,TeMoSe
mp-10386,Sm3CrSe6
mp-10445,Sc6FeTe2
mp-10446,Sc6NiTe2
mp-10516,Dy6FeTe2
mp-1077563,CoTeMo
mp-1077939,Cr(Te2Rh)2
mp-1077944,HgPd5Se
mp-1078104,Fe2CoSe4
mp-1078113,V(FeSe2)2
mp-1078160,Cr2CoSe4
mp-1079253,Tb6CoTe2
mp-1079533,CrCd3Te4
mp-1079700,Dy6CoTe2
mp-1087545,Zn3CrTe4
mp-1095026,DyAgSe2
mp-1095028,Zn3CrSe4
mp-1097020,HfTe3Se8
mp-1097028,GdAgSe2
mp-1100405,ScTeRh
mp-1100412,TiTeRu
mp-1100422,VTeRu
mp-1100887,Y7(CuTe4)3
mp-1101139,Th2CuTe6
mp-1101606,YAgSe2
mp-1102023,HgPt2Se3
mp-1102966,UTeSe
mp-1103546,Mn2ZnSe4
mp-1103642,Ag(Mo3Se4)2
mp-1103848,Y(Mo3Se4)2
mp-1104014,Mn2ZnTe4
mp-1104114,Eu(Mo3Se4)2
mp-1104125,Y2CdSe4
mp-1104138,Dy(Mo3Se4)2
mp-1104166,Sc2CdSe4
mp-1104216,Pu(Mo3Se4)2
mp-1104266,Np(Mo3Se4)2
mp-1104333,Ti(Mo3Se4)2
mp-1104522,Tb(Mo3Se4)2
mp-1104529,Fe(Mo3Se4)2
mp-1104560,Dy2CdTe4
mp-1105933,LaCrSe3
mp-1106185,UCrSe3
mp-1106192,EuZrSe3
mp-1120716,CdHg3Te4
mp-1120810,Dy2Te3Se
mp-1173033,Nb3IrSe8
mp-1173299,Sm2EuSe4
mp-11754,Sc6Te2Os
mp-11778,ThMnSe3
mp-11790,LaCuSe2
mp-11793,SmCuSe2
mp-1181462,DyAgSe2
mp-1181717,CoTeMo
mp-1183055,AcHgTe2
mp-1186414,PaHgTe2
mp-1186417,PaTe2Pd
mp-1188256,UNiSe3
mp-1188354,Ta3VSe6
mp-1188559,YAgSe2
mp-1188620,Nb3NiSe6
mp-1188676,U2FeSe5
mp-1188731,ThCrSe3
mp-1189932,Mn(NbSe2)3
mp-1190037,Nb3FeSe6
mp-1190784,TaTe4Os
mp-1190788,TaTe4Rh
mp-1191708,TaTe4Ru
mp-1192146,NbTe4Os
mp-1192620,U8VSe17
mp-1192621,U8TiSe17
mp-1192831,Ti2FeSe4
mp-1192855,U8CoSe17
mp-1192941,Nb8PtSe20
mp-1193543,Nb4NiSe8
mp-1193584,U8FeSe17
mp-1193638,Nb4FeSe8
mp-1193800,Hf9Re4Se
mp-1194253,Hf9W4Se
mp-1194359,U8MnSe17
mp-1195333,Nd2ZrSe5
mp-1196235,Sm2USe5
mp-1197091,Ta4NiTe4
mp-1197516,La2HfSe5
mp-1197597,Ta4CrTe4
mp-1198610,Nb4FeTe4
mp-1198974,La2ThSe5
mp-1199549,Ta4CoTe4
mp-1200071,Gd2ZrSe5
mp-1200172,Pr2USe5
mp-1201001,Y5(NiTe)2
mp-1201577,Nd2USe5
mp-1201635,Tb2ZrSe5
mp-1203241,Sc6Te2Pd
mp-1205898,Sc6Te2Ru
mp-1205985,Zr6Te2Pt
mp-1206192,Y7(TeAu)2
mp-1206500,Sc6MnTe2
mp-1206619,Dy7(TePt)2
mp-1206893,Sc6Te2Ir
mp-1207773,Y5(NiTe)2
mp-1207784,Y5(CoTe)2
mp-1208241,Ti4FeSe8
mp-1208265,Ti2CrSe4
mp-1208377,Ta4CrSe8
mp-1208475,Ta2Ni3Te5
mp-1209096,Sc6CuTe2
mp-1209978,Nb4VSe8
mp-1212830,Dy7(TePd)2
mp-1212900,Cu2Pd3Se4
mp-1213635,Cu2(ReSe2)3
mp-1215227,ZrTaTe4
mp-1215397,Zr4FeSe8
mp-1215406,ZnCdTe2
mp-1215427,ZnCdSe2
mp-1215466,ZnHgSe2
mp-1215476,ZnHgTe2
mp-1215486,ZnCdSe2
mp-1215513,Zn2TeSe
mp-1215583,Zn4CoSe5
mp-1215652,Zn4CdSe5
mp-1215660,ZnHg4Te5
mp-1215832,YUTe6
mp-1215907,YAgTe2
mp-1216202,Y(CuSe)3
mp-1216225,Y(CuTe)3
mp-1216577,V2CrTe4
mp-1216600,V(CrTe2)2
mp-1216743,V2FeTe4
mp-1216826,V(FeSe2)2
mp-1216975,TiCr3Te4
mp-1216980,U4CuTe12
mp-1217132,Ti2VTe4
mp-1217137,Ti2CrTe4
mp-1217146,Ti2VSe4
mp-1217179,Ti4CrTe8
mp-1217213,Ti5CoSe10
mp-1217257,TePtSe
mp-1217262,ThUSe2
mp-1217263,TePdSe
mp-1217314,TeMo2Se3
mp-1217371,Te3Mo2Se
mp-1217383,Te8Pd5Se2
mp-1217418,Te4Mo2Ru
mp-1217433,TbUTe4
mp-1217440,Te16(Mo3Ru)3
mp-1217457,Th4UTe5
mp-1217458,TbUTe6
mp-1217533,TbUTe3
mp-1217648,U2(Mo3Se4)5
mp-1217821,TaWSe4
mp-1217851,Tb(CuTe)3
mp-1217922,TaReSe4
mp-1217942,TaNbTe4
mp-1218097,Ta4MoSe10
mp-1218111,Ta4Fe5Te12
mp-1218913,SmYSe2
mp-1218995,SmGdSe2
mp-1219049,SmEuSe2
mp-1219132,Re2MoSe4
mp-1219145,Re(Te2Mo)2
mp-1219189,Sm(CuTe)3
mp-1219312,ScCuSe2
mp-1219332,Sm3CuSe6
mp-1219401,Sm2UTe5
mp-1219426,Sc8CuTe3
mp-1219580,Re9Mo3Se16
mp-1219811,PrUTe6
mp-1220033,Pr2UTe5
mp-1220035,NiTeSe
mp-1220110,Ni(Mo3Se4)2
mp-1220117,NdUTe6
mp-1220151,Ni(Te4Mo3)2
mp-1220367,NbWSe4
mp-1220412,NbCuSe2
mp-1220427,Nb6AgSe8
mp-1220443,NbMoSe4
mp-1220470,Nb6ZnTe8
mp-1220503,Nb3WSe8
mp-1220509,Nd2CuTe4
mp-1220592,Nb6Pd2Se15
mp-1220640,Nd2UTe5
mp-1220663,Nb3MoSe8
mp-1220676,Nb3IrSe8
mp-1220695,Nb2CuTe4
mp-1220701,Nb3(IrSe5)2
mp-1220711,Nb3FeSe10
mp-1220761,Nb12ZnSe16
mp-1220914,Nb2Ni5Te6
mp-1221364,MnNiTe2
mp-1221402,MoWSe4
mp-1221497,MnZnTe2
mp-1221499,Mo2RuSe4
mp-1221500,MnZnSe2
mp-1221503,MnZnSe2
mp-1221505,MnZnTe2
mp-1221515,MnZn4Se5
mp-1221521,MnZnTe4
mp-1221523,MnZnSe4
mp-1221591,MnHg2Te3
mp-1221638,MnCr3Te4
mp-1221650,MnCdTe2
mp-1221664,MnCd2Te3
mp-1221667,MnCd3Te4
mp-1221676,MnCdTe2
mp-1221682,MnCoSe2
mp-1221692,MnCuSe4
mp-1221743,Mn3CdTe4
mp-1221754,MnCoSe2
mp-1221758,Mn3Te2Se
mp-1221774,MnCrTe2
mp-1221782,Mn4VSe5
mp-1221790,Mn2TeSe
mp-1221798,Mn3CdTe4
mp-1221834,MnCr3Te4
mp-1221890,Mn2CdTe3
mp-1221907,Mn3CrTe4
mp-1222020,Mn(CuSe)2
mp-1222078,Mn(CuTe)2
mp-1222176,Mn4NiSe5
mp-1222839,LaUTe6
mp-1223195,La2UTe5
mp-1223340,La2CuTe4
mp-1223922,Hg2TeSe
mp-1223932,Hg2TeSe
mp-1224218,HfTiSe4
mp-1224271,HfTeSe
mp-1224556,Hf3TiTe20
mp-1224581,GdCu5Se4
mp-1224716,Fe2CoSe4
mp-1224764,GdCu5Te4
mp-1224910,FeNiTe4
mp-1224955,FeCoTe2
mp-1224961,FeCuTe2
mp-1224966,FeCoSe2
mp-1224990,Fe4Te3Se
mp-1224997,FeAgTe2
mp-1225000,Fe4Te3Se
mp-1225110,DyUTe6
mp-1225136,Fe2TeSe
mp-1225243,Fe4NiSe10
mp-1225290,Fe(Mo3Se4)2
mp-1225301,DyAgTe2
mp-1225340,Eu2CuTe4
mp-1225351,Dy4MnSe7
mp-1225384,Dy4CrSe7
mp-1225395,Dy(CuTe)3
mp-1225573,DyUTe4
mp-1225646,Dy3CuSe6
mp-1225652,CuAgTe
mp-1225744,CuTeSe
mp-1226017,CoNiTe2
mp-1226039,CoNiTe4
mp-1226048,CoNiTe4
mp-1226054,CoNiTe4
mp-1226163,La2CeTe4
mp-1226252,Cr4Te3Se
mp-1226320,Cr2TeSe
mp-1226512,Co(NiSe2)2
mp-1226586,Co2Ni2Te5
mp-1226688,Gd3Cu2Te7
mp-1226731,CdHg4Se5
mp-1226732,Ce2TeSe
mp-1226733,CdHgSe2
mp-1226741,CdHgTe2
mp-1226756,CdHg4Se5
mp-1226774,CeUTe6
mp-1226794,CdHg4Te5
mp-1226897,Cd4HgSe5
mp-1226939,Cd2TeSe
mp-1232380,MnCdTe2
mp-1237584,Cr(FeTe2)2
mp-1237898,Nb3AgTe4
mp-1246098,Y2Pt2Se7
mp-12463,Ni(TePd)2
mp-12464,Co(PdSe)2
mp-12465,Co(TePd)2
mp-12466,Fe(PdSe)2
mp-1246872,Cd(HgTe2)2
mp-12743,CrTe4Au
mp-12903,YAgTe2
mp-12908,ScAgSe2
mp-14474,Ta2PtSe7
mp-14815,TaTe5Pt
mp-17287,TaTe4Ir
mp-17336,NpCuSe2
mp-17865,Nb4CrSe8
mp-18706,Y5(FeTe)2
mp-19810,TaNiTe2
mp-19912,UMnSe3
mp-20118,Cr2AgTe4
mp-20170,CeCrSe3
mp-20506,NbNiTe2
mp-21621,Y6Te2Rh
mp-22625,Cr2CuTe4
mp-22792,MnTePd
mp-28616,NbTe5Pd
mp-28667,Ta(NiTe)2
mp-28846,TaCoTe2
mp-28934,Ta2Te5Pd3
mp-28964,Ta4FeTe4
mp-29607,Ag(TeMo)6
mp-29659,FeAgTe2
mp-29769,Sc5(NiTe)2
mp-2977,CuAgTe2
mp-30019,ZrCu2Te3
mp-30125,PrTe2Se
mp-30151,CuAuSe4
mp-30203,Sc6AgTe2
mp-31072,Sc6Te2Rh
mp-31495,AgTe2Au
mp-31510,NbCuTe2
mp-3172,Ag3AuSe2
mp-3291,AgTe4Au
mp-33312,Nd2UTe4
mp-33533,La2UTe4
mp-35031,Pr5CuSe8
mp-35264,Pr5AgSe8
mp-35630,Pr2CdSe4
mp-35651,La2USe4
mp-36252,Nd5CuSe8
mp-36305,Pr2UTe4
mp-36407,Nd2EuSe4
mp-3650,HfCu2Te3
mp-36515,Pr2USe4
mp-36733,La2CdSe4
mp-36821,Nd2CdSe4
mp-37167,U12Rh4Se31
mp-3739,NdCuSe2
mp-38125,Sm2CdSe4
mp-38162,Sm5CuSe8
mp-3880,Cr2CuSe4
mp-38805,Sm5AgSe8
mp-4024,DyAgTe2
mp-4034,LaTe2Se
mp-4043,NbCu3Se4
mp-4081,TaCu3Se4
mp-4425,Ta2Pt3Se8
mp-4437,NdTe2Se
mp-4697,Zn(CrSe2)2
mp-4852,Ni(RhSe2)2
mp-504898,Nb2Pd3Se8
mp-505132,Ta3Te14Pd3
mp-505164,NbTe4Ir
mp-505638,Tb3CrSe6
mp-510426,Ta4Te16Pd3
mp-541070,Ta2NiSe5
mp-541509,Ta2Ni3Se8
mp-541587,U3Cu2Se7
mp-541754,TiCu2Te3
mp-5603,NbCoTe2
mp-567598,Dy7(TeIr)2
mp-568224,Sm3CuSe6
mp-568349,Cr(FeSe2)2
mp-568587,CrCuSe2
mp-569511,NiTePd
mp-569983,Ni2PdSe2
mp-570062,ZrTiSe4
mp-570959,Dy2CdSe4
mp-5710,Ag3Te2Au
mp-571054,Cu2Mo3Se4
mp-571471,NbCoTe2
mp-582282,GdAgSe2
mp-607044,Eu(ScSe2)2
mp-616481,NbFeTe2
mp-616615,Hf8MnTe6
mp-622980,MnTePd
mp-623814,Hf8FeTe6
mp-631294,HfMoSe
mp-631381,TeRuSe
mp-642238,Y6AgTe2
mp-645690,Eu(DySe2)2
mp-646337,Tb2EuSe4
mp-653697,Ta(CoTe)2
mp-654199,Ta8NiSe8
mp-667286,Re6Te7Se8
mp-674017,Nb17Ir3Se40
mp-674329,La2CdTe4
mp-675009,Y4CuTe8
mp-675066,Nb3IrSe8
mp-675326,Nb4IrSe10
mp-675462,Mo2RuSe4
mp-675546,Cr4Cu3Te8
mp-675608,Nb3(CuTe3)2
mp-675739,Ce5CuSe8
mp-675747,V(FeSe2)2
mp-675769,Ce(Mo3Se4)2
mp-675929,Ti(FeSe2)2
mp-676089,Fe2CoSe4
mp-676306,Dy7(CuTe4)3
mp-676497,Ce2UTe4
mp-676524,Tb7(CuTe4)3
mp-677132,Gd2CdSe4
mp-678358,Hf5ZrTe8
mp-685251,Nd2(Mo3Se4)5
mp-685296,Sm5(Mo3Se4)12
mp-685414,Tb11CuSe16
mp-685447,Pr5(Mo3Se4)12
mp-685618,FeAgTe2
mp-685942,Ti2(Mo3Se4)5
mp-685977,Gd5AgSe8
mp-686056,Fe(Mo3Se4)2
mp-686717,Fe2NiSe4
mp-695001,V6Cu5Te12
mp-7861,CrCuSe2
mp-862829,PaTe2Au
mp-864791,PaAgTe2
mp-864797,NdCrSe3
mp-867311,AcAgTe2
mp-8677,ZrTiTe4
mp-8848,TaFeTe3
mp-8998,TaNiTe5
mp-8999,NbNiTe5
mp-9295,TaCu3Te4
mp-9381,Zr6FeTe2
mp-9391,TaNi2Te3
mp-945184,YCuTe2
mp-945779,DyCuTe2
mp-961646,TiTeOs
mp-961649,ZrFeTe
mp-961656,VFeTe
mp-961660,TiFeSe
mp-961673,TiFeTe
mp-961678,ScCoTe
mp-961695,LaCoTe
mp-971837,ZnCdTe2
mp-976804,NiAgTe2
mp-979271,TbAgSe2
mp-984629,Cr3CdTe4
mp-985289,Nb3CrSe6
mp-991652,VCu3Te4
mp-991676,NbCu3Te4
mp-1025378,V2FeTe4
mp-1215403,ZnHgTe2
mp-1217261,ThUTe2
mp-1219038,SmUTe6
mp-1229219,Ag3Te32Au13
mp-29068,Hf5FeTe3
mp-3551,TbAgTe2
mp-642293,Y6Te2Pd
